{
  "accuracy": 0.709,
  "precision": 0.731651376146789,
  "recall": 0.6470588235294118,
  "f1_score": 0.6867599569429494,
  "test_samples": 1000,
  "train_samples": 4000
}