{
  "mean": [
    157.7095687907198,
    52.63605870302957,
    395.76394693810397,
    87.14613709850626,
    0.028186317417762247,
    0.000194222798774532,
    0.012554623866563502,
    0.014279107445032075,
    0.037663871599690514,
    0.13365934708680166,
    1.2355618680023328,
    0.05888935584616851,
    0.08001613178516133,
    0.125828347752381,
    0.1766680675385052,
    8.665203155077062,
    0.17070786994792564,
    3.1284482112809315,
    4.546702441324691,
    2.0275642787619343,
    -262.68729934197665,
    97.78904564338923,
    -4.956865256144316,
    17.506027536446695,
    -4.59931555041825,
    -7.361757680372917,
    -13.585499282761011,
    -9.878025577832828,
    -8.092557153621135,
    -4.249297570003909,
    -7.0395605623953745,
    -3.3500538422410027,
    -7.843303463475662
  ],
  "std": [
    46.09848811959232,
    34.511864930257524,
    168.06096830985237,
    25.190963925045402,
    0.010048833083751143,
    8.983693586068837e-05,
    0.005803380807350339,
    0.00619584084295124,
    0.017410122422050995,
    0.03461859516993548,
    0.25545226667360216,
    0.020618387637170887,
    0.027326208877737814,
    0.04874362244306366,
    0.06185514291151255,
    3.2225096557930812,
    0.1388088216691766,
    0.39964370520918857,
    2.1974826755176573,
    2.686671409727426,
    87.5797073661729,
    27.75766645141152,
    21.97626332094354,
    14.830062301749487,
    13.025635017815983,
    10.973146011668515,
    9.244280026522302,
    8.60743362127799,
    7.60440846291362,
    7.035029302735723,
    6.553909955045577,
    5.371476995740715,
    5.594796335255093
  ],
  "features": [
    "mean_pitch",
    "stdev_pitch",
    "MDVP_Fhi",
    "MDVP_Flo",
    "jitter",
    "jitter_abs",
    "jitter_rap",
    "jitter_ppq",
    "jitter_ddp",
    "shimmer",
    "shimmer_db",
    "shimmer_apq3",
    "shimmer_apq5",
    "shimmer_apq11",
    "shimmer_dda",
    "HNR",
    "NHR",
    "PPE",
    "spread1",
    "spread2",
    "mfcc_1",
    "mfcc_2",
    "mfcc_3",
    "mfcc_4",
    "mfcc_5",
    "mfcc_6",
    "mfcc_7",
    "mfcc_8",
    "mfcc_9",
    "mfcc_10",
    "mfcc_11",
    "mfcc_12",
    "mfcc_13"
  ]
}